break_point,losses
0,"[393832.1875, 405606.59375, 413260.25, 315668.0416666667, 332522.2083333333, 615221.15625, 365182.3020833333, 624759.96875, 808044.7083333334, 334541.6666666667]"
